abstract_sku,metric_name,raw_value,store,locale
C2235,top_seller,14,DE,"de_DE,en_US"
C2235,random,0,DE,"de_DE,en_US"
M1000785,top_seller,65,DE,"de_DE,en_US"
M1000785,random,0,DE,"de_DE,en_US"
M1000786,top_seller,301,DE,"de_DE,en_US"
M1000786,random,0,DE,"de_DE,en_US"
M1000838,top_seller,200,DE,"de_DE,en_US"
M1000838,random,0,DE,"de_DE,en_US"
M1000839,top_seller,757,DE,"de_DE,en_US"
M1000839,random,0,DE,"de_DE,en_US"
M1000840,pdp_impressions,287,DE,"de_DE,en_US"
M1000840,top_seller,169,DE,"de_DE,en_US"
M1000840,random,0,DE,"de_DE,en_US"
M1002203,pdp_impressions,1803,DE,"de_DE,en_US"
M1002203,top_seller,35,DE,"de_DE,en_US"
M1002203,random,0,DE,"de_DE,en_US"
M1006484,pdp_impressions,3557,DE,"de_DE,en_US"
M1006484,top_seller,57,DE,"de_DE,en_US"
M1006484,random,0,DE,"de_DE,en_US"
M1006811,pdp_impressions,6485,DE,"de_DE,en_US"
M1006811,top_seller,38,DE,"de_DE,en_US"
M1006811,random,0,DE,"de_DE,en_US"
M1006871,pdp_impressions,2413,DE,"de_DE,en_US"
M1006871,top_seller,31,DE,"de_DE,en_US"
M1006871,random,0,DE,"de_DE,en_US"
M1013168,pdp_impressions,3289,DE,"de_DE,en_US"
M1013168,top_seller,73,DE,"de_DE,en_US"
M1013168,random,0,DE,"de_DE,en_US"
M1013287,pdp_impressions,3632,DE,"de_DE,en_US"
M1013287,top_seller,20,DE,"de_DE,en_US"
M1013287,random,0,DE,"de_DE,en_US"
M1013541,pdp_impressions,784,DE,"de_DE,en_US"
M1013541,top_seller,8,DE,"de_DE,en_US"
M1013541,random,0,DE,"de_DE,en_US"
M1014496,pdp_impressions,2486,DE,"de_DE,en_US"
M1014496,top_seller,250,DE,"de_DE,en_US"
M1014496,random,0,DE,"de_DE,en_US"
M1014502,pdp_impressions,3841,DE,"de_DE,en_US"
M1014502,top_seller,83,DE,"de_DE,en_US"
M1014502,random,0,DE,"de_DE,en_US"
M1014629,pdp_impressions,222,DE,"de_DE,en_US"
M1014629,top_seller,96,DE,"de_DE,en_US"
M1014629,random,0,DE,"de_DE,en_US"
M1014642,pdp_impressions,852,DE,"de_DE,en_US"
M1014642,top_seller,414,DE,"de_DE,en_US"
M1014642,random,0,DE,"de_DE,en_US"
M1014643,pdp_impressions,5768,DE,"de_DE,en_US"
M1014643,top_seller,20,DE,"de_DE,en_US"
M1014643,random,0,DE,"de_DE,en_US"
M1014644,pdp_impressions,9200,DE,"de_DE,en_US"
M1014644,top_seller,158,DE,"de_DE,en_US"
M1014644,random,0,DE,"de_DE,en_US"
M1014645,pdp_impressions,239,DE,"de_DE,en_US"
M1014645,top_seller,97,DE,"de_DE,en_US"
M1014645,random,0,DE,"de_DE,en_US"
M1014646,pdp_impressions,8635,DE,"de_DE,en_US"
M1014646,top_seller,98,DE,"de_DE,en_US"
M1014646,random,0,DE,"de_DE,en_US"
M1014653,pdp_impressions,13439,DE,"de_DE,en_US"
M1014653,top_seller,28,DE,"de_DE,en_US"
M1014653,random,0,DE,"de_DE,en_US"
M1014656,pdp_impressions,3455,DE,"de_DE,en_US"
M1014656,top_seller,274,DE,"de_DE,en_US"
M1014656,random,0,DE,"de_DE,en_US"
M1014866,pdp_impressions,3450,DE,"de_DE,en_US"
M1014866,top_seller,284,DE,"de_DE,en_US"
M1014866,random,0,DE,"de_DE,en_US"
M1014870,pdp_impressions,76,DE,"de_DE,en_US"
M1014870,top_seller,345,DE,"de_DE,en_US"
M1014870,random,0,DE,"de_DE,en_US"
M1014871,pdp_impressions,2201,DE,"de_DE,en_US"
M1014871,top_seller,146,DE,"de_DE,en_US"
M1014871,random,0,DE,"de_DE,en_US"
M1014874,pdp_impressions,2167,DE,"de_DE,en_US"
M1014874,top_seller,167,DE,"de_DE,en_US"
M1014874,random,0,DE,"de_DE,en_US"
M1014948,pdp_impressions,3,DE,"de_DE,en_US"
M1014948,top_seller,85,DE,"de_DE,en_US"
M1014948,random,0,DE,"de_DE,en_US"
M1015355,pdp_impressions,2952,DE,"de_DE,en_US"
M1015355,top_seller,78,DE,"de_DE,en_US"
M1015355,random,0,DE,"de_DE,en_US"
M1015356,pdp_impressions,2610,DE,"de_DE,en_US"
M1015356,top_seller,15,DE,"de_DE,en_US"
M1015356,random,0,DE,"de_DE,en_US"
M1016129,pdp_impressions,2141,DE,"de_DE,en_US"
M1016129,top_seller,180,DE,"de_DE,en_US"
M1016129,random,0,DE,"de_DE,en_US"
M1017902,pdp_impressions,360,DE,"de_DE,en_US"
M1017902,top_seller,19,DE,"de_DE,en_US"
M1017902,random,0,DE,"de_DE,en_US"
M1017905,pdp_impressions,21,DE,"de_DE,en_US"
M1017905,top_seller,55,DE,"de_DE,en_US"
M1017905,random,0,DE,"de_DE,en_US"
M1017945,pdp_impressions,12045,DE,"de_DE,en_US"
M1017945,top_seller,84,DE,"de_DE,en_US"
M1017945,random,0,DE,"de_DE,en_US"
M1018211,pdp_impressions,11371,DE,"de_DE,en_US"
M1018211,top_seller,60,DE,"de_DE,en_US"
M1018211,random,0,DE,"de_DE,en_US"
M1018212,pdp_impressions,2255,DE,"de_DE,en_US"
M1018212,top_seller,11,DE,"de_DE,en_US"
M1018212,random,0,DE,"de_DE,en_US"
M1022632,pdp_impressions,3068,DE,"de_DE,en_US"
M1022632,top_seller,38,DE,"de_DE,en_US"
M1022632,random,0,DE,"de_DE,en_US"
M1022640,pdp_impressions,1033,DE,"de_DE,en_US"
M1022640,top_seller,39,DE,"de_DE,en_US"
M1022640,random,0,DE,"de_DE,en_US"
M1022643,pdp_impressions,635,DE,"de_DE,en_US"
M1022643,top_seller,40,DE,"de_DE,en_US"
M1022643,random,0,DE,"de_DE,en_US"
M1024601,pdp_impressions,6989,DE,"de_DE,en_US"
M1024601,top_seller,15,DE,"de_DE,en_US"
M1024601,random,0,DE,"de_DE,en_US"
M1024684,pdp_impressions,11847,DE,"de_DE,en_US"
M1024684,top_seller,243,DE,"de_DE,en_US"
M1024684,random,0,DE,"de_DE,en_US"
M1024689,pdp_impressions,389,DE,"de_DE,en_US"
M1024689,top_seller,76,DE,"de_DE,en_US"
M1024689,random,0,DE,"de_DE,en_US"
M1028038,pdp_impressions,1557,DE,"de_DE,en_US"
M1028038,top_seller,330,DE,"de_DE,en_US"
M1028038,random,0,DE,"de_DE,en_US"
M1028049,pdp_impressions,5415,DE,"de_DE,en_US"
M1028049,top_seller,679,DE,"de_DE,en_US"
M1028049,random,0,DE,"de_DE,en_US"
M1028061,pdp_impressions,15551,DE,"de_DE,en_US"
M1028061,top_seller,98,DE,"de_DE,en_US"
M1028061,random,0,DE,"de_DE,en_US"
M1028062,pdp_impressions,1439,DE,"de_DE,en_US"
M1028062,top_seller,161,DE,"de_DE,en_US"
M1028062,random,0,DE,"de_DE,en_US"
M1028095,pdp_impressions,9001,DE,"de_DE,en_US"
M1028095,top_seller,13,DE,"de_DE,en_US"
M1028095,random,0,DE,"de_DE,en_US"
M1028375,pdp_impressions,914,DE,"de_DE,en_US"
M1028375,top_seller,277,DE,"de_DE,en_US"
M1028375,random,0,DE,"de_DE,en_US"
M1028376,pdp_impressions,5144,DE,"de_DE,en_US"
M1028376,top_seller,21,DE,"de_DE,en_US"
M1028376,random,0,DE,"de_DE,en_US"
M1028483,pdp_impressions,3609,DE,"de_DE,en_US"
M1028483,top_seller,60,DE,"de_DE,en_US"
M1028483,random,0,DE,"de_DE,en_US"
M1028702,pdp_impressions,61,DE,"de_DE,en_US"
M1028702,top_seller,37,DE,"de_DE,en_US"
M1028702,random,0,DE,"de_DE,en_US"
M1030133,pdp_impressions,1387,DE,"de_DE,en_US"
M1030133,top_seller,123,DE,"de_DE,en_US"
M1030133,random,0,DE,"de_DE,en_US"
M1031236,pdp_impressions,7034,DE,"de_DE,en_US"
M1031236,top_seller,191,DE,"de_DE,en_US"
M1031236,random,0,DE,"de_DE,en_US"
M1031238,pdp_impressions,9138,DE,"de_DE,en_US"
M1031238,top_seller,109,DE,"de_DE,en_US"
M1031238,random,0,DE,"de_DE,en_US"
M10569,pdp_impressions,969,DE,"de_DE,en_US"
M10569,top_seller,35,DE,"de_DE,en_US"
M10569,random,0,DE,"de_DE,en_US"
M10577,pdp_impressions,2154,DE,"de_DE,en_US"
M10577,top_seller,256,DE,"de_DE,en_US"
M10577,random,0,DE,"de_DE,en_US"
M1079219,pdp_impressions,3665,DE,"de_DE,en_US"
M1079219,top_seller,41,DE,"de_DE,en_US"
M1079219,random,0,DE,"de_DE,en_US"
M1079221,pdp_impressions,1412,DE,"de_DE,en_US"
M1079221,top_seller,0,DE,"de_DE,en_US"
M1079221,random,0,DE,"de_DE,en_US"
M1079222,pdp_impressions,252,DE,"de_DE,en_US"
M1079222,top_seller,158,DE,"de_DE,en_US"
M1079222,random,0,DE,"de_DE,en_US"
M1079243,pdp_impressions,167,DE,"de_DE,en_US"
M1079243,top_seller,125,DE,"de_DE,en_US"
M1079243,random,0,DE,"de_DE,en_US"
M1080190,pdp_impressions,4508,DE,"de_DE,en_US"
M1080190,top_seller,157,DE,"de_DE,en_US"
M1080190,random,0,DE,"de_DE,en_US"
M10871,pdp_impressions,418,DE,"de_DE,en_US"
M10871,top_seller,67,DE,"de_DE,en_US"
M10871,random,0,DE,"de_DE,en_US"
M10872,pdp_impressions,4609,DE,"de_DE,en_US"
M10872,top_seller,37,DE,"de_DE,en_US"
M10872,random,0,DE,"de_DE,en_US"
M111,pdp_impressions,290,DE,"de_DE,en_US"
M111,top_seller,60,DE,"de_DE,en_US"
M111,random,0,DE,"de_DE,en_US"
M11222,pdp_impressions,1368,DE,"de_DE,en_US"
M11222,top_seller,225,DE,"de_DE,en_US"
M11222,random,0,DE,"de_DE,en_US"
M11306,pdp_impressions,9258,DE,"de_DE,en_US"
M11306,top_seller,24,DE,"de_DE,en_US"
M11306,random,0,DE,"de_DE,en_US"
M11473,pdp_impressions,71,DE,"de_DE,en_US"
M11473,top_seller,219,DE,"de_DE,en_US"
M11473,random,0,DE,"de_DE,en_US"
M11480,pdp_impressions,12632,DE,"de_DE,en_US"
M11480,top_seller,223,DE,"de_DE,en_US"
M11480,random,0,DE,"de_DE,en_US"
M11542,pdp_impressions,1302,DE,"de_DE,en_US"
M11542,top_seller,272,DE,"de_DE,en_US"
M11542,random,0,DE,"de_DE,en_US"
M12655,pdp_impressions,1374,DE,"de_DE,en_US"
M12655,top_seller,25,DE,"de_DE,en_US"
M12655,random,0,DE,"de_DE,en_US"
M12656,pdp_impressions,1317,DE,"de_DE,en_US"
M12656,top_seller,18,DE,"de_DE,en_US"
M12656,random,0,DE,"de_DE,en_US"
M14054,pdp_impressions,995,DE,"de_DE,en_US"
M14054,top_seller,96,DE,"de_DE,en_US"
M14054,random,0,DE,"de_DE,en_US"
M15127,pdp_impressions,3195,DE,"de_DE,en_US"
M15127,top_seller,91,DE,"de_DE,en_US"
M15127,random,0,DE,"de_DE,en_US"
M15226,pdp_impressions,471,DE,"de_DE,en_US"
M15226,top_seller,1,DE,"de_DE,en_US"
M15226,random,0,DE,"de_DE,en_US"
M1896,pdp_impressions,19,DE,"de_DE,en_US"
M1896,top_seller,111,DE,"de_DE,en_US"
M1896,random,0,DE,"de_DE,en_US"
M21062,pdp_impressions,8935,DE,"de_DE,en_US"
M21062,top_seller,160,DE,"de_DE,en_US"
M21062,random,0,DE,"de_DE,en_US"
M21066,pdp_impressions,8777,DE,"de_DE,en_US"
M21066,top_seller,146,DE,"de_DE,en_US"
M21066,random,0,DE,"de_DE,en_US"
M21067,pdp_impressions,270,DE,"de_DE,en_US"
M21067,top_seller,7,DE,"de_DE,en_US"
M21067,random,0,DE,"de_DE,en_US"
M21073,pdp_impressions,623,DE,"de_DE,en_US"
M21073,top_seller,5,DE,"de_DE,en_US"
M21073,random,0,DE,"de_DE,en_US"
M21090,pdp_impressions,735,DE,"de_DE,en_US"
M21090,top_seller,39,DE,"de_DE,en_US"
M21090,random,0,DE,"de_DE,en_US"
M21091,pdp_impressions,17161,DE,"de_DE,en_US"
M21091,top_seller,137,DE,"de_DE,en_US"
M21091,random,0,DE,"de_DE,en_US"
M21092,pdp_impressions,6592,DE,"de_DE,en_US"
M21092,top_seller,27,DE,"de_DE,en_US"
M21092,random,0,DE,"de_DE,en_US"
M21093,pdp_impressions,69,DE,"de_DE,en_US"
M21093,top_seller,78,DE,"de_DE,en_US"
M21093,random,0,DE,"de_DE,en_US"
M21094,pdp_impressions,1110,DE,"de_DE,en_US"
M21094,top_seller,135,DE,"de_DE,en_US"
M21094,random,0,DE,"de_DE,en_US"
M21097,pdp_impressions,1522,DE,"de_DE,en_US"
M21097,top_seller,177,DE,"de_DE,en_US"
M21097,random,0,DE,"de_DE,en_US"
M21099,pdp_impressions,539,DE,"de_DE,en_US"
M21099,top_seller,134,DE,"de_DE,en_US"
M21099,random,0,DE,"de_DE,en_US"
M21100,pdp_impressions,11283,DE,"de_DE,en_US"
M21100,top_seller,120,DE,"de_DE,en_US"
M21100,random,0,DE,"de_DE,en_US"
M21101,pdp_impressions,4016,DE,"de_DE,en_US"
M21101,top_seller,60,DE,"de_DE,en_US"
M21101,random,0,DE,"de_DE,en_US"
M21103,pdp_impressions,272,DE,"de_DE,en_US"
M21103,top_seller,618,DE,"de_DE,en_US"
M21103,random,0,DE,"de_DE,en_US"
M21104,pdp_impressions,3455,DE,"de_DE,en_US"
M21104,top_seller,112,DE,"de_DE,en_US"
M21104,random,0,DE,"de_DE,en_US"
M21105,pdp_impressions,2448,DE,"de_DE,en_US"
M21105,top_seller,219,DE,"de_DE,en_US"
M21105,random,0,DE,"de_DE,en_US"
M21189,pdp_impressions,868,DE,"de_DE,en_US"
M21189,top_seller,133,DE,"de_DE,en_US"
M21189,random,0,DE,"de_DE,en_US"
M21190,pdp_impressions,4585,DE,"de_DE,en_US"
M21190,top_seller,123,DE,"de_DE,en_US"
M21190,random,0,DE,"de_DE,en_US"
M21191,pdp_impressions,2016,DE,"de_DE,en_US"
M21191,top_seller,74,DE,"de_DE,en_US"
M21191,random,0,DE,"de_DE,en_US"
M21193,pdp_impressions,373,DE,"de_DE,en_US"
M21193,top_seller,303,DE,"de_DE,en_US"
M21193,random,0,DE,"de_DE,en_US"
M21194,pdp_impressions,1431,DE,"de_DE,en_US"
M21194,top_seller,19,DE,"de_DE,en_US"
M21194,random,0,DE,"de_DE,en_US"
M21195,pdp_impressions,488,DE,"de_DE,en_US"
M21195,top_seller,112,DE,"de_DE,en_US"
M21195,random,0,DE,"de_DE,en_US"
M21196,pdp_impressions,9503,DE,"de_DE,en_US"
M21196,top_seller,31,DE,"de_DE,en_US"
M21196,random,0,DE,"de_DE,en_US"
M21197,pdp_impressions,1080,DE,"de_DE,en_US"
M21197,top_seller,111,DE,"de_DE,en_US"
M21197,random,0,DE,"de_DE,en_US"
M21200,pdp_impressions,3080,DE,"de_DE,en_US"
M21200,top_seller,16,DE,"de_DE,en_US"
M21200,random,0,DE,"de_DE,en_US"
M21201,pdp_impressions,1748,DE,"de_DE,en_US"
M21201,top_seller,210,DE,"de_DE,en_US"
M21201,random,0,DE,"de_DE,en_US"
M21202,pdp_impressions,7509,DE,"de_DE,en_US"
M21202,top_seller,193,DE,"de_DE,en_US"
M21202,random,0,DE,"de_DE,en_US"
M21203,pdp_impressions,5518,DE,"de_DE,en_US"
M21203,top_seller,2,DE,"de_DE,en_US"
M21203,random,0,DE,"de_DE,en_US"
M21205,pdp_impressions,1688,DE,"de_DE,en_US"
M21205,top_seller,81,DE,"de_DE,en_US"
M21205,random,0,DE,"de_DE,en_US"
M21296,pdp_impressions,2679,DE,"de_DE,en_US"
M21296,top_seller,69,DE,"de_DE,en_US"
M21296,random,0,DE,"de_DE,en_US"
M21299,pdp_impressions,709,DE,"de_DE,en_US"
M21299,top_seller,56,DE,"de_DE,en_US"
M21299,random,0,DE,"de_DE,en_US"
M213,pdp_impressions,3795,DE,"de_DE,en_US"
M213,top_seller,168,DE,"de_DE,en_US"
M213,random,0,DE,"de_DE,en_US"
M21635,pdp_impressions,2110,DE,"de_DE,en_US"
M21635,top_seller,48,DE,"de_DE,en_US"
M21635,random,0,DE,"de_DE,en_US"
M21636,pdp_impressions,4085,DE,"de_DE,en_US"
M21636,top_seller,53,DE,"de_DE,en_US"
M21636,random,0,DE,"de_DE,en_US"
M21637,pdp_impressions,516,DE,"de_DE,en_US"
M21637,top_seller,29,DE,"de_DE,en_US"
M21637,random,0,DE,"de_DE,en_US"
M21638,pdp_impressions,1800,DE,"de_DE,en_US"
M21638,top_seller,159,DE,"de_DE,en_US"
M21638,random,0,DE,"de_DE,en_US"
M21646,pdp_impressions,9081,DE,"de_DE,en_US"
M21646,top_seller,320,DE,"de_DE,en_US"
M21646,random,0,DE,"de_DE,en_US"
M21648,pdp_impressions,2344,DE,"de_DE,en_US"
M21648,top_seller,73,DE,"de_DE,en_US"
M21648,random,0,DE,"de_DE,en_US"
M21650,pdp_impressions,4077,DE,"de_DE,en_US"
M21650,top_seller,107,DE,"de_DE,en_US"
M21650,random,0,DE,"de_DE,en_US"
M21679,pdp_impressions,1,DE,"de_DE,en_US"
M21679,top_seller,55,DE,"de_DE,en_US"
M21679,random,0,DE,"de_DE,en_US"
M21680,pdp_impressions,15837,DE,"de_DE,en_US"
M21680,top_seller,15,DE,"de_DE,en_US"
M21680,random,0,DE,"de_DE,en_US"
M21681,pdp_impressions,1968,DE,"de_DE,en_US"
M21681,top_seller,123,DE,"de_DE,en_US"
M21681,random,0,DE,"de_DE,en_US"
M21684,pdp_impressions,2133,DE,"de_DE,en_US"
M21684,top_seller,78,DE,"de_DE,en_US"
M21684,random,0,DE,"de_DE,en_US"
M21690,pdp_impressions,8266,DE,"de_DE,en_US"
M21690,top_seller,3,DE,"de_DE,en_US"
M21690,random,0,DE,"de_DE,en_US"
M21691,pdp_impressions,991,DE,"de_DE,en_US"
M21691,top_seller,343,DE,"de_DE,en_US"
M21691,random,0,DE,"de_DE,en_US"
M21692,pdp_impressions,155,DE,"de_DE,en_US"
M21692,top_seller,68,DE,"de_DE,en_US"
M21692,random,0,DE,"de_DE,en_US"
M21693,pdp_impressions,359,DE,"de_DE,en_US"
M21693,top_seller,206,DE,"de_DE,en_US"
M21693,random,0,DE,"de_DE,en_US"
M21694,pdp_impressions,5157,DE,"de_DE,en_US"
M21694,top_seller,37,DE,"de_DE,en_US"
M21694,random,0,DE,"de_DE,en_US"
M21703,pdp_impressions,1959,DE,"de_DE,en_US"
M21703,top_seller,272,DE,"de_DE,en_US"
M21703,random,0,DE,"de_DE,en_US"
M21704,pdp_impressions,916,DE,"de_DE,en_US"
M21704,top_seller,260,DE,"de_DE,en_US"
M21704,random,0,DE,"de_DE,en_US"
M21705,pdp_impressions,2045,DE,"de_DE,en_US"
M21705,top_seller,58,DE,"de_DE,en_US"
M21705,random,0,DE,"de_DE,en_US"
M21708,pdp_impressions,5293,DE,"de_DE,en_US"
M21708,top_seller,33,DE,"de_DE,en_US"
M21708,random,0,DE,"de_DE,en_US"
M21711,pdp_impressions,1435,DE,"de_DE,en_US"
M21711,top_seller,71,DE,"de_DE,en_US"
M21711,random,0,DE,"de_DE,en_US"
M21713,pdp_impressions,2892,DE,"de_DE,en_US"
M21713,top_seller,150,DE,"de_DE,en_US"
M21713,random,0,DE,"de_DE,en_US"
M21714,pdp_impressions,13553,DE,"de_DE,en_US"
M21714,top_seller,113,DE,"de_DE,en_US"
M21714,random,0,DE,"de_DE,en_US"
M21715,pdp_impressions,940,DE,"de_DE,en_US"
M21715,top_seller,204,DE,"de_DE,en_US"
M21715,random,0,DE,"de_DE,en_US"
M21716,pdp_impressions,481,DE,"de_DE,en_US"
M21716,top_seller,11,DE,"de_DE,en_US"
M21716,random,0,DE,"de_DE,en_US"
M21717,pdp_impressions,4116,DE,"de_DE,en_US"
M21717,top_seller,5,DE,"de_DE,en_US"
M21717,random,0,DE,"de_DE,en_US"
M21740,pdp_impressions,4856,DE,"de_DE,en_US"
M21740,top_seller,327,DE,"de_DE,en_US"
M21740,random,0,DE,"de_DE,en_US"
M21741,pdp_impressions,46,DE,"de_DE,en_US"
M21741,top_seller,29,DE,"de_DE,en_US"
M21741,random,0,DE,"de_DE,en_US"
M21742,pdp_impressions,7040,DE,"de_DE,en_US"
M21742,top_seller,0,DE,"de_DE,en_US"
M21742,random,0,DE,"de_DE,en_US"
M21743,pdp_impressions,4701,DE,"de_DE,en_US"
M21743,top_seller,133,DE,"de_DE,en_US"
M21743,random,0,DE,"de_DE,en_US"
M21744,pdp_impressions,117,DE,"de_DE,en_US"
M21744,top_seller,48,DE,"de_DE,en_US"
M21744,random,0,DE,"de_DE,en_US"
M21745,pdp_impressions,14471,DE,"de_DE,en_US"
M21745,top_seller,89,DE,"de_DE,en_US"
M21745,random,0,DE,"de_DE,en_US"
M21759,pdp_impressions,537,DE,"de_DE,en_US"
M21759,top_seller,14,DE,"de_DE,en_US"
M21759,random,0,DE,"de_DE,en_US"
M21766,pdp_impressions,1044,DE,"de_DE,en_US"
M21766,top_seller,416,DE,"de_DE,en_US"
M21766,random,0,DE,"de_DE,en_US"
M21771,pdp_impressions,3751,DE,"de_DE,en_US"
M21771,top_seller,87,DE,"de_DE,en_US"
M21771,random,0,DE,"de_DE,en_US"
M21772,pdp_impressions,3394,DE,"de_DE,en_US"
M21772,top_seller,85,DE,"de_DE,en_US"
M21772,random,0,DE,"de_DE,en_US"
M21773,pdp_impressions,1039,DE,"de_DE,en_US"
M21773,top_seller,121,DE,"de_DE,en_US"
M21773,random,0,DE,"de_DE,en_US"
M21774,pdp_impressions,8607,DE,"de_DE,en_US"
M21774,top_seller,122,DE,"de_DE,en_US"
M21774,random,0,DE,"de_DE,en_US"
M21777,pdp_impressions,766,DE,"de_DE,en_US"
M21777,top_seller,72,DE,"de_DE,en_US"
M21777,random,0,DE,"de_DE,en_US"
M21778,pdp_impressions,12547,DE,"de_DE,en_US"
M21778,top_seller,81,DE,"de_DE,en_US"
M21778,random,0,DE,"de_DE,en_US"
M21779,pdp_impressions,1963,DE,"de_DE,en_US"
M21779,top_seller,0,DE,"de_DE,en_US"
M21779,random,0,DE,"de_DE,en_US"
M21903,pdp_impressions,3288,DE,"de_DE,en_US"
M21903,top_seller,128,DE,"de_DE,en_US"
M21903,random,0,DE,"de_DE,en_US"
M22230,pdp_impressions,876,DE,"de_DE,en_US"
M22230,top_seller,16,DE,"de_DE,en_US"
M22230,random,0,DE,"de_DE,en_US"
M22232,pdp_impressions,2906,DE,"de_DE,en_US"
M22232,top_seller,77,DE,"de_DE,en_US"
M22232,random,0,DE,"de_DE,en_US"
M22269,pdp_impressions,2585,DE,"de_DE,en_US"
M22269,top_seller,77,DE,"de_DE,en_US"
M22269,random,0,DE,"de_DE,en_US"
M22293,pdp_impressions,3362,DE,"de_DE,en_US"
M22293,top_seller,406,DE,"de_DE,en_US"
M22293,random,0,DE,"de_DE,en_US"
M22397,pdp_impressions,58,DE,"de_DE,en_US"
M22397,top_seller,386,DE,"de_DE,en_US"
M22397,random,0,DE,"de_DE,en_US"
M22398,pdp_impressions,572,DE,"de_DE,en_US"
M22398,top_seller,53,DE,"de_DE,en_US"
M22398,random,0,DE,"de_DE,en_US"
M22410,pdp_impressions,4549,DE,"de_DE,en_US"
M22410,top_seller,39,DE,"de_DE,en_US"
M22410,random,0,DE,"de_DE,en_US"
M22411,pdp_impressions,189,DE,"de_DE,en_US"
M22411,top_seller,34,DE,"de_DE,en_US"
M22411,random,0,DE,"de_DE,en_US"
M22412,pdp_impressions,101,DE,"de_DE,en_US"
M22412,top_seller,94,DE,"de_DE,en_US"
M22412,random,0,DE,"de_DE,en_US"
M22432,pdp_impressions,74,DE,"de_DE,en_US"
M22432,top_seller,80,DE,"de_DE,en_US"
M22432,random,0,DE,"de_DE,en_US"
M22484,pdp_impressions,5047,DE,"de_DE,en_US"
M22484,top_seller,356,DE,"de_DE,en_US"
M22484,random,0,DE,"de_DE,en_US"
M226,pdp_impressions,7449,DE,"de_DE,en_US"
M226,top_seller,103,DE,"de_DE,en_US"
M226,random,0,DE,"de_DE,en_US"
M22613,pdp_impressions,11993,DE,"de_DE,en_US"
M22613,top_seller,4,DE,"de_DE,en_US"
M22613,random,0,DE,"de_DE,en_US"
M22660,pdp_impressions,8193,DE,"de_DE,en_US"
M22660,top_seller,230,DE,"de_DE,en_US"
M22660,random,0,DE,"de_DE,en_US"
M22661,pdp_impressions,1784,DE,"de_DE,en_US"
M22661,top_seller,69,DE,"de_DE,en_US"
M22661,random,0,DE,"de_DE,en_US"
M22662,pdp_impressions,417,DE,"de_DE,en_US"
M22662,top_seller,26,DE,"de_DE,en_US"
M22662,random,0,DE,"de_DE,en_US"
M22663,pdp_impressions,3961,DE,"de_DE,en_US"
M22663,top_seller,61,DE,"de_DE,en_US"
M22663,random,0,DE,"de_DE,en_US"
M22664,pdp_impressions,867,DE,"de_DE,en_US"
M22664,top_seller,23,DE,"de_DE,en_US"
M22664,random,0,DE,"de_DE,en_US"
M22682,pdp_impressions,3003,DE,"de_DE,en_US"
M22682,top_seller,30,DE,"de_DE,en_US"
M22682,random,0,DE,"de_DE,en_US"
M22796,pdp_impressions,558,DE,"de_DE,en_US"
M22796,top_seller,80,DE,"de_DE,en_US"
M22796,random,0,DE,"de_DE,en_US"
M22797,pdp_impressions,219,DE,"de_DE,en_US"
M22797,top_seller,101,DE,"de_DE,en_US"
M22797,random,0,DE,"de_DE,en_US"
M229,pdp_impressions,326,DE,"de_DE,en_US"
M229,top_seller,115,DE,"de_DE,en_US"
M229,random,0,DE,"de_DE,en_US"
M23067,pdp_impressions,5514,DE,"de_DE,en_US"
M23067,top_seller,46,DE,"de_DE,en_US"
M23067,random,0,DE,"de_DE,en_US"
M23340,pdp_impressions,8017,DE,"de_DE,en_US"
M23340,top_seller,100,DE,"de_DE,en_US"
M23340,random,0,DE,"de_DE,en_US"
M23343,pdp_impressions,29,DE,"de_DE,en_US"
M23343,top_seller,258,DE,"de_DE,en_US"
M23343,random,0,DE,"de_DE,en_US"
M23345,pdp_impressions,261,DE,"de_DE,en_US"
M23345,top_seller,226,DE,"de_DE,en_US"
M23345,random,0,DE,"de_DE,en_US"
M23432,pdp_impressions,2993,DE,"de_DE,en_US"
M23432,top_seller,195,DE,"de_DE,en_US"
M23432,random,0,DE,"de_DE,en_US"
M23436,pdp_impressions,1460,DE,"de_DE,en_US"
M23436,top_seller,37,DE,"de_DE,en_US"
M23436,random,0,DE,"de_DE,en_US"
M23438,pdp_impressions,12228,DE,"de_DE,en_US"
M23438,top_seller,190,DE,"de_DE,en_US"
M23438,random,0,DE,"de_DE,en_US"
M23440,pdp_impressions,5231,DE,"de_DE,en_US"
M23440,top_seller,64,DE,"de_DE,en_US"
M23440,random,0,DE,"de_DE,en_US"
M23441,pdp_impressions,3002,DE,"de_DE,en_US"
M23441,top_seller,63,DE,"de_DE,en_US"
M23441,random,0,DE,"de_DE,en_US"
M23444,pdp_impressions,5422,DE,"de_DE,en_US"
M23444,top_seller,137,DE,"de_DE,en_US"
M23444,random,0,DE,"de_DE,en_US"
M23450,pdp_impressions,8631,DE,"de_DE,en_US"
M23450,top_seller,25,DE,"de_DE,en_US"
M23450,random,0,DE,"de_DE,en_US"
M23451,pdp_impressions,459,DE,"de_DE,en_US"
M23451,top_seller,164,DE,"de_DE,en_US"
M23451,random,0,DE,"de_DE,en_US"
M23454,pdp_impressions,31,DE,"de_DE,en_US"
M23454,top_seller,107,DE,"de_DE,en_US"
M23454,random,0,DE,"de_DE,en_US"
M23455,pdp_impressions,1906,DE,"de_DE,en_US"
M23455,top_seller,190,DE,"de_DE,en_US"
M23455,random,0,DE,"de_DE,en_US"
M23456,pdp_impressions,2652,DE,"de_DE,en_US"
M23456,top_seller,144,DE,"de_DE,en_US"
M23456,random,0,DE,"de_DE,en_US"
M23457,pdp_impressions,5038,DE,"de_DE,en_US"
M23457,top_seller,92,DE,"de_DE,en_US"
M23457,random,0,DE,"de_DE,en_US"
M23459,pdp_impressions,4483,DE,"de_DE,en_US"
M23459,top_seller,17,DE,"de_DE,en_US"
M23459,random,0,DE,"de_DE,en_US"
M23460,pdp_impressions,106,DE,"de_DE,en_US"
M23460,top_seller,80,DE,"de_DE,en_US"
M23460,random,0,DE,"de_DE,en_US"
M23461,pdp_impressions,5152,DE,"de_DE,en_US"
M23461,top_seller,254,DE,"de_DE,en_US"
M23461,random,0,DE,"de_DE,en_US"
M23462,pdp_impressions,1525,DE,"de_DE,en_US"
M23462,top_seller,141,DE,"de_DE,en_US"
M23462,random,0,DE,"de_DE,en_US"
M23463,pdp_impressions,23,DE,"de_DE,en_US"
M23463,top_seller,440,DE,"de_DE,en_US"
M23463,random,0,DE,"de_DE,en_US"
M23467,pdp_impressions,2167,DE,"de_DE,en_US"
M23467,top_seller,3,DE,"de_DE,en_US"
M23467,random,0,DE,"de_DE,en_US"
M23468,pdp_impressions,1020,DE,"de_DE,en_US"
M23468,top_seller,15,DE,"de_DE,en_US"
M23468,random,0,DE,"de_DE,en_US"
M23469,pdp_impressions,10206,DE,"de_DE,en_US"
M23469,top_seller,76,DE,"de_DE,en_US"
M23469,random,0,DE,"de_DE,en_US"
M23470,pdp_impressions,6391,DE,"de_DE,en_US"
M23470,top_seller,95,DE,"de_DE,en_US"
M23470,random,0,DE,"de_DE,en_US"
M23471,pdp_impressions,787,DE,"de_DE,en_US"
M23471,top_seller,92,DE,"de_DE,en_US"
M23471,random,0,DE,"de_DE,en_US"
M23472,pdp_impressions,5822,DE,"de_DE,en_US"
M23472,top_seller,1,DE,"de_DE,en_US"
M23472,random,0,DE,"de_DE,en_US"
M23473,pdp_impressions,2782,DE,"de_DE,en_US"
M23473,top_seller,82,DE,"de_DE,en_US"
M23473,random,0,DE,"de_DE,en_US"
M23475,pdp_impressions,2125,DE,"de_DE,en_US"
M23475,top_seller,28,DE,"de_DE,en_US"
M23475,random,0,DE,"de_DE,en_US"
M23476,pdp_impressions,2477,DE,"de_DE,en_US"
M23476,top_seller,23,DE,"de_DE,en_US"
M23476,random,0,DE,"de_DE,en_US"
M23477,pdp_impressions,8023,DE,"de_DE,en_US"
M23477,top_seller,87,DE,"de_DE,en_US"
M23477,random,0,DE,"de_DE,en_US"
M23478,pdp_impressions,1162,DE,"de_DE,en_US"
M23478,top_seller,11,DE,"de_DE,en_US"
M23478,random,0,DE,"de_DE,en_US"
M23479,pdp_impressions,1075,DE,"de_DE,en_US"
M23479,top_seller,422,DE,"de_DE,en_US"
M23479,random,0,DE,"de_DE,en_US"
M23482,pdp_impressions,1868,DE,"de_DE,en_US"
M23482,top_seller,317,DE,"de_DE,en_US"
M23482,random,0,DE,"de_DE,en_US"
M23484,pdp_impressions,8364,DE,"de_DE,en_US"
M23484,top_seller,300,DE,"de_DE,en_US"
M23484,random,0,DE,"de_DE,en_US"
M23486,pdp_impressions,883,DE,"de_DE,en_US"
M23486,top_seller,11,DE,"de_DE,en_US"
M23486,random,0,DE,"de_DE,en_US"
M23487,pdp_impressions,3541,DE,"de_DE,en_US"
M23487,top_seller,12,DE,"de_DE,en_US"
M23487,random,0,DE,"de_DE,en_US"
M23488,pdp_impressions,1903,DE,"de_DE,en_US"
M23488,top_seller,213,DE,"de_DE,en_US"
M23488,random,0,DE,"de_DE,en_US"
M23510,pdp_impressions,475,DE,"de_DE,en_US"
M23510,top_seller,278,DE,"de_DE,en_US"
M23510,random,0,DE,"de_DE,en_US"
M23512,pdp_impressions,339,DE,"de_DE,en_US"
M23512,top_seller,4,DE,"de_DE,en_US"
M23512,random,0,DE,"de_DE,en_US"
M23513,pdp_impressions,1004,DE,"de_DE,en_US"
M23513,top_seller,74,DE,"de_DE,en_US"
M23513,random,0,DE,"de_DE,en_US"
M2365,pdp_impressions,9737,DE,"de_DE,en_US"
M2365,top_seller,260,DE,"de_DE,en_US"
M2365,random,0,DE,"de_DE,en_US"
M2366,pdp_impressions,4345,DE,"de_DE,en_US"
M2366,top_seller,178,DE,"de_DE,en_US"
M2366,random,0,DE,"de_DE,en_US"
M23720,pdp_impressions,2951,DE,"de_DE,en_US"
M23720,top_seller,226,DE,"de_DE,en_US"
M23720,random,0,DE,"de_DE,en_US"
M23721,pdp_impressions,1943,DE,"de_DE,en_US"
M23721,top_seller,109,DE,"de_DE,en_US"
M23721,random,0,DE,"de_DE,en_US"
M23722,pdp_impressions,2308,DE,"de_DE,en_US"
M23722,top_seller,73,DE,"de_DE,en_US"
M23722,random,0,DE,"de_DE,en_US"
M23723,pdp_impressions,1030,DE,"de_DE,en_US"
M23723,top_seller,425,DE,"de_DE,en_US"
M23723,random,0,DE,"de_DE,en_US"
M23724,pdp_impressions,7413,DE,"de_DE,en_US"
M23724,top_seller,39,DE,"de_DE,en_US"
M23724,random,0,DE,"de_DE,en_US"
M23725,pdp_impressions,6091,DE,"de_DE,en_US"
M23725,top_seller,155,DE,"de_DE,en_US"
M23725,random,0,DE,"de_DE,en_US"
M23726,pdp_impressions,3811,DE,"de_DE,en_US"
M23726,top_seller,2,DE,"de_DE,en_US"
M23726,random,0,DE,"de_DE,en_US"
M23727,pdp_impressions,2805,DE,"de_DE,en_US"
M23727,top_seller,278,DE,"de_DE,en_US"
M23727,random,0,DE,"de_DE,en_US"
M23729,pdp_impressions,1374,DE,"de_DE,en_US"
M23729,top_seller,23,DE,"de_DE,en_US"
M23729,random,0,DE,"de_DE,en_US"
M23730,pdp_impressions,2499,DE,"de_DE,en_US"
M23730,top_seller,11,DE,"de_DE,en_US"
M23730,random,0,DE,"de_DE,en_US"
M23731,pdp_impressions,5718,DE,"de_DE,en_US"
M23731,top_seller,65,DE,"de_DE,en_US"
M23731,random,0,DE,"de_DE,en_US"
M23732,pdp_impressions,8975,DE,"de_DE,en_US"
M23732,top_seller,11,DE,"de_DE,en_US"
M23732,random,0,DE,"de_DE,en_US"
M23751,pdp_impressions,14800,DE,"de_DE,en_US"
M23751,top_seller,14,DE,"de_DE,en_US"
M23751,random,0,DE,"de_DE,en_US"
M23764,pdp_impressions,4120,DE,"de_DE,en_US"
M23764,top_seller,29,DE,"de_DE,en_US"
M23764,random,0,DE,"de_DE,en_US"
M23766,pdp_impressions,7231,DE,"de_DE,en_US"
M23766,top_seller,153,DE,"de_DE,en_US"
M23766,random,0,DE,"de_DE,en_US"
M23770,pdp_impressions,5622,DE,"de_DE,en_US"
M23770,top_seller,13,DE,"de_DE,en_US"
M23770,random,0,DE,"de_DE,en_US"
M23771,pdp_impressions,1536,DE,"de_DE,en_US"
M23771,top_seller,95,DE,"de_DE,en_US"
M23771,random,0,DE,"de_DE,en_US"
M23777,pdp_impressions,2024,DE,"de_DE,en_US"
M23777,top_seller,386,DE,"de_DE,en_US"
M23777,random,0,DE,"de_DE,en_US"
M2393,pdp_impressions,4529,DE,"de_DE,en_US"
M2393,top_seller,16,DE,"de_DE,en_US"
M2393,random,0,DE,"de_DE,en_US"
M24143,pdp_impressions,823,DE,"de_DE,en_US"
M24143,top_seller,252,DE,"de_DE,en_US"
M24143,random,0,DE,"de_DE,en_US"
M24416,pdp_impressions,10243,DE,"de_DE,en_US"
M24416,top_seller,10,DE,"de_DE,en_US"
M24416,random,0,DE,"de_DE,en_US"
M24417,pdp_impressions,3049,DE,"de_DE,en_US"
M24417,top_seller,245,DE,"de_DE,en_US"
M24417,random,0,DE,"de_DE,en_US"
M24418,pdp_impressions,803,DE,"de_DE,en_US"
M24418,top_seller,98,DE,"de_DE,en_US"
M24418,random,0,DE,"de_DE,en_US"
M24563,pdp_impressions,1534,DE,"de_DE,en_US"
M24563,top_seller,35,DE,"de_DE,en_US"
M24563,random,0,DE,"de_DE,en_US"
M24605,pdp_impressions,5450,DE,"de_DE,en_US"
M24605,top_seller,18,DE,"de_DE,en_US"
M24605,random,0,DE,"de_DE,en_US"
M24606,pdp_impressions,1751,DE,"de_DE,en_US"
M24606,top_seller,65,DE,"de_DE,en_US"
M24606,random,0,DE,"de_DE,en_US"
M24609,pdp_impressions,1884,DE,"de_DE,en_US"
M24609,top_seller,5,DE,"de_DE,en_US"
M24609,random,0,DE,"de_DE,en_US"
M24610,pdp_impressions,2525,DE,"de_DE,en_US"
M24610,top_seller,1,DE,"de_DE,en_US"
M24610,random,0,DE,"de_DE,en_US"
M24612,pdp_impressions,453,DE,"de_DE,en_US"
M24612,top_seller,144,DE,"de_DE,en_US"
M24612,random,0,DE,"de_DE,en_US"
M24613,pdp_impressions,5214,DE,"de_DE,en_US"
M24613,top_seller,4,DE,"de_DE,en_US"
M24613,random,0,DE,"de_DE,en_US"
M24632,pdp_impressions,1929,DE,"de_DE,en_US"
M24632,top_seller,23,DE,"de_DE,en_US"
M24632,random,0,DE,"de_DE,en_US"
M24637,pdp_impressions,7645,DE,"de_DE,en_US"
M24637,top_seller,23,DE,"de_DE,en_US"
M24637,random,0,DE,"de_DE,en_US"
M2495,pdp_impressions,5853,DE,"de_DE,en_US"
M2495,top_seller,5,DE,"de_DE,en_US"
M2495,random,0,DE,"de_DE,en_US"
M25598,pdp_impressions,4057,DE,"de_DE,en_US"
M25598,top_seller,230,DE,"de_DE,en_US"
M25598,random,0,DE,"de_DE,en_US"
M25599,pdp_impressions,2863,DE,"de_DE,en_US"
M25599,top_seller,204,DE,"de_DE,en_US"
M25599,random,0,DE,"de_DE,en_US"
M25600,pdp_impressions,13321,DE,"de_DE,en_US"
M25600,top_seller,21,DE,"de_DE,en_US"
M25600,random,0,DE,"de_DE,en_US"
M26415,pdp_impressions,355,DE,"de_DE,en_US"
M26415,top_seller,9,DE,"de_DE,en_US"
M26415,random,0,DE,"de_DE,en_US"
M26416,pdp_impressions,42,DE,"de_DE,en_US"
M26416,top_seller,152,DE,"de_DE,en_US"
M26416,random,0,DE,"de_DE,en_US"
M26417,pdp_impressions,1586,DE,"de_DE,en_US"
M26417,top_seller,29,DE,"de_DE,en_US"
M26417,random,0,DE,"de_DE,en_US"
M26418,pdp_impressions,2267,DE,"de_DE,en_US"
M26418,top_seller,50,DE,"de_DE,en_US"
M26418,random,0,DE,"de_DE,en_US"
M26419,pdp_impressions,10635,DE,"de_DE,en_US"
M26419,top_seller,159,DE,"de_DE,en_US"
M26419,random,0,DE,"de_DE,en_US"
M26420,pdp_impressions,99,DE,"de_DE,en_US"
M26420,top_seller,57,DE,"de_DE,en_US"
M26420,random,0,DE,"de_DE,en_US"
M26831,pdp_impressions,559,DE,"de_DE,en_US"
M26831,top_seller,20,DE,"de_DE,en_US"
M26831,random,0,DE,"de_DE,en_US"
M29455,pdp_impressions,14764,DE,"de_DE,en_US"
M29455,top_seller,39,DE,"de_DE,en_US"
M29455,random,0,DE,"de_DE,en_US"
M29456,pdp_impressions,1294,DE,"de_DE,en_US"
M29456,top_seller,20,DE,"de_DE,en_US"
M29456,random,0,DE,"de_DE,en_US"
M29468,pdp_impressions,360,DE,"de_DE,en_US"
M29468,top_seller,166,DE,"de_DE,en_US"
M29468,random,0,DE,"de_DE,en_US"
M29499,pdp_impressions,5968,DE,"de_DE,en_US"
M29499,top_seller,224,DE,"de_DE,en_US"
M29499,random,0,DE,"de_DE,en_US"
M29501,pdp_impressions,1294,DE,"de_DE,en_US"
M29501,top_seller,174,DE,"de_DE,en_US"
M29501,random,0,DE,"de_DE,en_US"
M29502,pdp_impressions,164,DE,"de_DE,en_US"
M29502,top_seller,15,DE,"de_DE,en_US"
M29502,random,0,DE,"de_DE,en_US"
M29503,pdp_impressions,581,DE,"de_DE,en_US"
M29503,top_seller,102,DE,"de_DE,en_US"
M29503,random,0,DE,"de_DE,en_US"
M29504,pdp_impressions,10829,DE,"de_DE,en_US"
M29504,top_seller,91,DE,"de_DE,en_US"
M29504,random,0,DE,"de_DE,en_US"
M29507,pdp_impressions,1284,DE,"de_DE,en_US"
M29507,top_seller,22,DE,"de_DE,en_US"
M29507,random,0,DE,"de_DE,en_US"
M29523,pdp_impressions,3685,DE,"de_DE,en_US"
M29523,top_seller,524,DE,"de_DE,en_US"
M29523,random,0,DE,"de_DE,en_US"
M29524,pdp_impressions,3539,DE,"de_DE,en_US"
M29524,top_seller,15,DE,"de_DE,en_US"
M29524,random,0,DE,"de_DE,en_US"
M29525,pdp_impressions,305,DE,"de_DE,en_US"
M29525,top_seller,90,DE,"de_DE,en_US"
M29525,random,0,DE,"de_DE,en_US"
M29526,pdp_impressions,6587,DE,"de_DE,en_US"
M29526,top_seller,381,DE,"de_DE,en_US"
M29526,random,0,DE,"de_DE,en_US"
M29529,pdp_impressions,3811,DE,"de_DE,en_US"
M29529,top_seller,103,DE,"de_DE,en_US"
M29529,random,0,DE,"de_DE,en_US"
M29530,pdp_impressions,4283,DE,"de_DE,en_US"
M29530,top_seller,96,DE,"de_DE,en_US"
M29530,random,0,DE,"de_DE,en_US"
M29929,pdp_impressions,9333,DE,"de_DE,en_US"
M29929,top_seller,11,DE,"de_DE,en_US"
M29929,random,0,DE,"de_DE,en_US"
M29930,pdp_impressions,126,DE,"de_DE,en_US"
M29930,top_seller,34,DE,"de_DE,en_US"
M29930,random,0,DE,"de_DE,en_US"
M29931,pdp_impressions,992,DE,"de_DE,en_US"
M29931,top_seller,40,DE,"de_DE,en_US"
M29931,random,0,DE,"de_DE,en_US"
M302,pdp_impressions,1721,DE,"de_DE,en_US"
M302,top_seller,28,DE,"de_DE,en_US"
M302,random,0,DE,"de_DE,en_US"
M39654,pdp_impressions,7380,DE,"de_DE,en_US"
M39654,top_seller,84,DE,"de_DE,en_US"
M39654,random,0,DE,"de_DE,en_US"
M39658,pdp_impressions,7047,DE,"de_DE,en_US"
M39658,top_seller,41,DE,"de_DE,en_US"
M39658,random,0,DE,"de_DE,en_US"
M40490,pdp_impressions,3353,DE,"de_DE,en_US"
M40490,top_seller,108,DE,"de_DE,en_US"
M40490,random,0,DE,"de_DE,en_US"
M40491,pdp_impressions,793,DE,"de_DE,en_US"
M40491,top_seller,344,DE,"de_DE,en_US"
M40491,random,0,DE,"de_DE,en_US"
M432,pdp_impressions,6981,DE,"de_DE,en_US"
M432,top_seller,131,DE,"de_DE,en_US"
M432,random,0,DE,"de_DE,en_US"
M43347,pdp_impressions,31,DE,"de_DE,en_US"
M43347,top_seller,96,DE,"de_DE,en_US"
M43347,random,0,DE,"de_DE,en_US"
M45050,pdp_impressions,2642,DE,"de_DE,en_US"
M45050,top_seller,203,DE,"de_DE,en_US"
M45050,random,0,DE,"de_DE,en_US"
M49207,pdp_impressions,23105,DE,"de_DE,en_US"
M49207,top_seller,116,DE,"de_DE,en_US"
M49207,random,0,DE,"de_DE,en_US"
M49320,pdp_impressions,695,DE,"de_DE,en_US"
M49320,top_seller,5,DE,"de_DE,en_US"
M49320,random,0,DE,"de_DE,en_US"
M49344,pdp_impressions,3107,DE,"de_DE,en_US"
M49344,top_seller,3,DE,"de_DE,en_US"
M49344,random,0,DE,"de_DE,en_US"
M5022,pdp_impressions,2978,DE,"de_DE,en_US"
M5022,top_seller,22,DE,"de_DE,en_US"
M5022,random,0,DE,"de_DE,en_US"
M5043,pdp_impressions,1019,DE,"de_DE,en_US"
M5043,top_seller,173,DE,"de_DE,en_US"
M5043,random,0,DE,"de_DE,en_US"
M5044,pdp_impressions,2759,DE,"de_DE,en_US"
M5044,top_seller,146,DE,"de_DE,en_US"
M5044,random,0,DE,"de_DE,en_US"
M5108,pdp_impressions,22490,DE,"de_DE,en_US"
M5108,top_seller,515,DE,"de_DE,en_US"
M5108,random,0,DE,"de_DE,en_US"
M5113,pdp_impressions,12272,DE,"de_DE,en_US"
M5113,top_seller,105,DE,"de_DE,en_US"
M5113,random,0,DE,"de_DE,en_US"
M5147,pdp_impressions,4063,DE,"de_DE,en_US"
M5147,top_seller,349,DE,"de_DE,en_US"
M5147,random,0,DE,"de_DE,en_US"
M5148,pdp_impressions,296,DE,"de_DE,en_US"
M5148,top_seller,11,DE,"de_DE,en_US"
M5148,random,0,DE,"de_DE,en_US"
M5154,pdp_impressions,3669,DE,"de_DE,en_US"
M5154,top_seller,86,DE,"de_DE,en_US"
M5154,random,0,DE,"de_DE,en_US"
M5155,pdp_impressions,681,DE,"de_DE,en_US"
M5155,top_seller,291,DE,"de_DE,en_US"
M5155,random,0,DE,"de_DE,en_US"
M526,pdp_impressions,3925,DE,"de_DE,en_US"
M526,top_seller,11,DE,"de_DE,en_US"
M526,random,0,DE,"de_DE,en_US"
M527,pdp_impressions,1182,DE,"de_DE,en_US"
M527,top_seller,18,DE,"de_DE,en_US"
M527,random,0,DE,"de_DE,en_US"
M528,pdp_impressions,555,DE,"de_DE,en_US"
M528,top_seller,389,DE,"de_DE,en_US"
M528,random,0,DE,"de_DE,en_US"
M529,pdp_impressions,3347,DE,"de_DE,en_US"
M529,top_seller,115,DE,"de_DE,en_US"
M529,random,0,DE,"de_DE,en_US"
M53235,pdp_impressions,1126,DE,"de_DE,en_US"
M53235,top_seller,241,DE,"de_DE,en_US"
M53235,random,0,DE,"de_DE,en_US"
M53238,pdp_impressions,5762,DE,"de_DE,en_US"
M53238,top_seller,104,DE,"de_DE,en_US"
M53238,random,0,DE,"de_DE,en_US"
M53287,pdp_impressions,2923,DE,"de_DE,en_US"
M53287,top_seller,364,DE,"de_DE,en_US"
M53287,random,0,DE,"de_DE,en_US"
M53288,pdp_impressions,2569,DE,"de_DE,en_US"
M53288,top_seller,8,DE,"de_DE,en_US"
M53288,random,0,DE,"de_DE,en_US"
M53331,pdp_impressions,1656,DE,"de_DE,en_US"
M53331,top_seller,204,DE,"de_DE,en_US"
M53331,random,0,DE,"de_DE,en_US"
M54107,pdp_impressions,6044,DE,"de_DE,en_US"
M54107,top_seller,20,DE,"de_DE,en_US"
M54107,random,0,DE,"de_DE,en_US"
M54110,pdp_impressions,1050,DE,"de_DE,en_US"
M54110,top_seller,39,DE,"de_DE,en_US"
M54110,random,0,DE,"de_DE,en_US"
M54111,pdp_impressions,1891,DE,"de_DE,en_US"
M54111,top_seller,7,DE,"de_DE,en_US"
M54111,random,0,DE,"de_DE,en_US"
M54113,pdp_impressions,569,DE,"de_DE,en_US"
M54113,top_seller,6,DE,"de_DE,en_US"
M54113,random,0,DE,"de_DE,en_US"
M55895,pdp_impressions,3103,DE,"de_DE,en_US"
M55895,top_seller,108,DE,"de_DE,en_US"
M55895,random,0,DE,"de_DE,en_US"
M55936,pdp_impressions,3141,DE,"de_DE,en_US"
M55936,top_seller,86,DE,"de_DE,en_US"
M55936,random,0,DE,"de_DE,en_US"
M55937,pdp_impressions,4366,DE,"de_DE,en_US"
M55937,top_seller,23,DE,"de_DE,en_US"
M55937,random,0,DE,"de_DE,en_US"
M58035,pdp_impressions,3611,DE,"de_DE,en_US"
M58035,top_seller,309,DE,"de_DE,en_US"
M58035,random,0,DE,"de_DE,en_US"
M58095,pdp_impressions,6320,DE,"de_DE,en_US"
M58095,top_seller,88,DE,"de_DE,en_US"
M58095,random,0,DE,"de_DE,en_US"
M58100,pdp_impressions,6414,DE,"de_DE,en_US"
M58100,top_seller,177,DE,"de_DE,en_US"
M58100,random,0,DE,"de_DE,en_US"
M58102,pdp_impressions,69,DE,"de_DE,en_US"
M58102,top_seller,362,DE,"de_DE,en_US"
M58102,random,0,DE,"de_DE,en_US"
M58103,pdp_impressions,12663,DE,"de_DE,en_US"
M58103,top_seller,47,DE,"de_DE,en_US"
M58103,random,0,DE,"de_DE,en_US"
M58104,pdp_impressions,9163,DE,"de_DE,en_US"
M58104,top_seller,29,DE,"de_DE,en_US"
M58104,random,0,DE,"de_DE,en_US"
M58105,pdp_impressions,1975,DE,"de_DE,en_US"
M58105,top_seller,111,DE,"de_DE,en_US"
M58105,random,0,DE,"de_DE,en_US"
M58227,pdp_impressions,5046,DE,"de_DE,en_US"
M58227,top_seller,159,DE,"de_DE,en_US"
M58227,random,0,DE,"de_DE,en_US"
M58228,pdp_impressions,8986,DE,"de_DE,en_US"
M58228,top_seller,159,DE,"de_DE,en_US"
M58228,random,0,DE,"de_DE,en_US"
M58230,pdp_impressions,5828,DE,"de_DE,en_US"
M58230,top_seller,6,DE,"de_DE,en_US"
M58230,random,0,DE,"de_DE,en_US"
M58312,pdp_impressions,3790,DE,"de_DE,en_US"
M58312,top_seller,105,DE,"de_DE,en_US"
M58312,random,0,DE,"de_DE,en_US"
M58313,pdp_impressions,243,DE,"de_DE,en_US"
M58313,top_seller,268,DE,"de_DE,en_US"
M58313,random,0,DE,"de_DE,en_US"
M58314,pdp_impressions,798,DE,"de_DE,en_US"
M58314,top_seller,28,DE,"de_DE,en_US"
M58314,random,0,DE,"de_DE,en_US"
M58315,pdp_impressions,2546,DE,"de_DE,en_US"
M58315,top_seller,76,DE,"de_DE,en_US"
M58315,random,0,DE,"de_DE,en_US"
M58335,pdp_impressions,52,DE,"de_DE,en_US"
M58335,top_seller,20,DE,"de_DE,en_US"
M58335,random,0,DE,"de_DE,en_US"
M58336,pdp_impressions,270,DE,"de_DE,en_US"
M58336,top_seller,43,DE,"de_DE,en_US"
M58336,random,0,DE,"de_DE,en_US"
M61124,pdp_impressions,4320,DE,"de_DE,en_US"
M61124,top_seller,126,DE,"de_DE,en_US"
M61124,random,0,DE,"de_DE,en_US"
M61125,pdp_impressions,3872,DE,"de_DE,en_US"
M61125,top_seller,45,DE,"de_DE,en_US"
M61125,random,0,DE,"de_DE,en_US"
M61240,pdp_impressions,3383,DE,"de_DE,en_US"
M61240,top_seller,36,DE,"de_DE,en_US"
M61240,random,0,DE,"de_DE,en_US"
M62301,pdp_impressions,848,DE,"de_DE,en_US"
M62301,top_seller,8,DE,"de_DE,en_US"
M62301,random,0,DE,"de_DE,en_US"
M62305,pdp_impressions,9912,DE,"de_DE,en_US"
M62305,top_seller,271,DE,"de_DE,en_US"
M62305,random,0,DE,"de_DE,en_US"
M62306,pdp_impressions,1722,DE,"de_DE,en_US"
M62306,top_seller,128,DE,"de_DE,en_US"
M62306,random,0,DE,"de_DE,en_US"
M62584,pdp_impressions,858,DE,"de_DE,en_US"
M62584,top_seller,225,DE,"de_DE,en_US"
M62584,random,0,DE,"de_DE,en_US"
M634,pdp_impressions,3113,DE,"de_DE,en_US"
M634,top_seller,320,DE,"de_DE,en_US"
M634,random,0,DE,"de_DE,en_US"
M635,pdp_impressions,2346,DE,"de_DE,en_US"
M635,top_seller,48,DE,"de_DE,en_US"
M635,random,0,DE,"de_DE,en_US"
M64933,pdp_impressions,6058,DE,"de_DE,en_US"
M64933,top_seller,41,DE,"de_DE,en_US"
M64933,random,0,DE,"de_DE,en_US"
M64934,pdp_impressions,3043,DE,"de_DE,en_US"
M64934,top_seller,228,DE,"de_DE,en_US"
M64934,random,0,DE,"de_DE,en_US"
M64947,pdp_impressions,1552,DE,"de_DE,en_US"
M64947,top_seller,11,DE,"de_DE,en_US"
M64947,random,0,DE,"de_DE,en_US"
M65062,pdp_impressions,94,DE,"de_DE,en_US"
M65062,top_seller,284,DE,"de_DE,en_US"
M65062,random,0,DE,"de_DE,en_US"
M66923,pdp_impressions,17696,DE,"de_DE,en_US"
M66923,top_seller,44,DE,"de_DE,en_US"
M66923,random,0,DE,"de_DE,en_US"
M68726,pdp_impressions,2559,DE,"de_DE,en_US"
M68726,top_seller,129,DE,"de_DE,en_US"
M68726,random,0,DE,"de_DE,en_US"
M68727,pdp_impressions,4472,DE,"de_DE,en_US"
M68727,top_seller,42,DE,"de_DE,en_US"
M68727,random,0,DE,"de_DE,en_US"
M68854,pdp_impressions,2919,DE,"de_DE,en_US"
M68854,top_seller,36,DE,"de_DE,en_US"
M68854,random,0,DE,"de_DE,en_US"
M69408,pdp_impressions,3212,DE,"de_DE,en_US"
M69408,top_seller,163,DE,"de_DE,en_US"
M69408,random,0,DE,"de_DE,en_US"
M70208,pdp_impressions,322,DE,"de_DE,en_US"
M70208,top_seller,119,DE,"de_DE,en_US"
M70208,random,0,DE,"de_DE,en_US"
M719,pdp_impressions,4053,DE,"de_DE,en_US"
M719,top_seller,118,DE,"de_DE,en_US"
M719,random,0,DE,"de_DE,en_US"
M72843,pdp_impressions,1523,DE,"de_DE,en_US"
M72843,top_seller,249,DE,"de_DE,en_US"
M72843,random,0,DE,"de_DE,en_US"
M72844,pdp_impressions,3105,DE,"de_DE,en_US"
M72844,top_seller,98,DE,"de_DE,en_US"
M72844,random,0,DE,"de_DE,en_US"
M72878,pdp_impressions,151,DE,"de_DE,en_US"
M72878,top_seller,208,DE,"de_DE,en_US"
M72878,random,0,DE,"de_DE,en_US"
M72933,pdp_impressions,530,DE,"de_DE,en_US"
M72933,top_seller,56,DE,"de_DE,en_US"
M72933,random,0,DE,"de_DE,en_US"
M72935,pdp_impressions,2804,DE,"de_DE,en_US"
M72935,top_seller,36,DE,"de_DE,en_US"
M72935,random,0,DE,"de_DE,en_US"
M72937,pdp_impressions,199,DE,"de_DE,en_US"
M72937,top_seller,5,DE,"de_DE,en_US"
M72937,random,0,DE,"de_DE,en_US"
M72938,pdp_impressions,1341,DE,"de_DE,en_US"
M72938,top_seller,74,DE,"de_DE,en_US"
M72938,random,0,DE,"de_DE,en_US"
M72939,pdp_impressions,834,DE,"de_DE,en_US"
M72939,top_seller,105,DE,"de_DE,en_US"
M72939,random,0,DE,"de_DE,en_US"
M72940,pdp_impressions,268,DE,"de_DE,en_US"
M72940,top_seller,94,DE,"de_DE,en_US"
M72940,random,0,DE,"de_DE,en_US"
M72942,pdp_impressions,270,DE,"de_DE,en_US"
M72942,top_seller,73,DE,"de_DE,en_US"
M72942,random,0,DE,"de_DE,en_US"
M72943,pdp_impressions,1726,DE,"de_DE,en_US"
M72943,top_seller,62,DE,"de_DE,en_US"
M72943,random,0,DE,"de_DE,en_US"
M72944,pdp_impressions,1268,DE,"de_DE,en_US"
M72944,top_seller,240,DE,"de_DE,en_US"
M72944,random,0,DE,"de_DE,en_US"
M72945,pdp_impressions,182,DE,"de_DE,en_US"
M72945,top_seller,34,DE,"de_DE,en_US"
M72945,random,0,DE,"de_DE,en_US"
M731,pdp_impressions,10241,DE,"de_DE,en_US"
M731,top_seller,50,DE,"de_DE,en_US"
M731,random,0,DE,"de_DE,en_US"
M74815,pdp_impressions,1871,DE,"de_DE,en_US"
M74815,top_seller,35,DE,"de_DE,en_US"
M74815,random,0,DE,"de_DE,en_US"
M74907,pdp_impressions,3553,DE,"de_DE,en_US"
M74907,top_seller,61,DE,"de_DE,en_US"
M74907,random,0,DE,"de_DE,en_US"
M74966,pdp_impressions,3352,DE,"de_DE,en_US"
M74966,top_seller,223,DE,"de_DE,en_US"
M74966,random,0,DE,"de_DE,en_US"
M74972,pdp_impressions,795,DE,"de_DE,en_US"
M74972,top_seller,207,DE,"de_DE,en_US"
M74972,random,0,DE,"de_DE,en_US"
M74974,pdp_impressions,3194,DE,"de_DE,en_US"
M74974,top_seller,247,DE,"de_DE,en_US"
M74974,random,0,DE,"de_DE,en_US"
M75071,pdp_impressions,450,DE,"de_DE,en_US"
M75071,top_seller,91,DE,"de_DE,en_US"
M75071,random,0,DE,"de_DE,en_US"
M75601,pdp_impressions,2086,DE,"de_DE,en_US"
M75601,top_seller,158,DE,"de_DE,en_US"
M75601,random,0,DE,"de_DE,en_US"
M75685,pdp_impressions,1681,DE,"de_DE,en_US"
M75685,top_seller,43,DE,"de_DE,en_US"
M75685,random,0,DE,"de_DE,en_US"
M75686,pdp_impressions,1235,DE,"de_DE,en_US"
M75686,top_seller,215,DE,"de_DE,en_US"
M75686,random,0,DE,"de_DE,en_US"
M75700,pdp_impressions,2003,DE,"de_DE,en_US"
M75700,top_seller,204,DE,"de_DE,en_US"
M75700,random,0,DE,"de_DE,en_US"
M75727,pdp_impressions,2338,DE,"de_DE,en_US"
M75727,top_seller,17,DE,"de_DE,en_US"
M75727,random,0,DE,"de_DE,en_US"
M75730,pdp_impressions,1723,DE,"de_DE,en_US"
M75730,top_seller,29,DE,"de_DE,en_US"
M75730,random,0,DE,"de_DE,en_US"
M766,pdp_impressions,2267,DE,"de_DE,en_US"
M766,top_seller,127,DE,"de_DE,en_US"
M766,random,0,DE,"de_DE,en_US"
M767,pdp_impressions,2635,DE,"de_DE,en_US"
M767,top_seller,25,DE,"de_DE,en_US"
M767,random,0,DE,"de_DE,en_US"
M768,pdp_impressions,17686,DE,"de_DE,en_US"
M768,top_seller,135,DE,"de_DE,en_US"
M768,random,0,DE,"de_DE,en_US"
M769,pdp_impressions,6046,DE,"de_DE,en_US"
M769,top_seller,49,DE,"de_DE,en_US"
M769,random,0,DE,"de_DE,en_US"
M770,pdp_impressions,7187,DE,"de_DE,en_US"
M770,top_seller,275,DE,"de_DE,en_US"
M770,random,0,DE,"de_DE,en_US"
M771,pdp_impressions,1213,DE,"de_DE,en_US"
M771,top_seller,119,DE,"de_DE,en_US"
M771,random,0,DE,"de_DE,en_US"
M78380,pdp_impressions,3876,DE,"de_DE,en_US"
M78380,top_seller,48,DE,"de_DE,en_US"
M78380,random,0,DE,"de_DE,en_US"
M787,pdp_impressions,3670,DE,"de_DE,en_US"
M787,top_seller,122,DE,"de_DE,en_US"
M787,random,0,DE,"de_DE,en_US"
M788,pdp_impressions,1748,DE,"de_DE,en_US"
M788,top_seller,44,DE,"de_DE,en_US"
M788,random,0,DE,"de_DE,en_US"
M789,pdp_impressions,3554,DE,"de_DE,en_US"
M789,top_seller,154,DE,"de_DE,en_US"
M789,random,0,DE,"de_DE,en_US"
M79890,pdp_impressions,4954,DE,"de_DE,en_US"
M79890,top_seller,183,DE,"de_DE,en_US"
M79890,random,0,DE,"de_DE,en_US"
M79892,pdp_impressions,4922,DE,"de_DE,en_US"
M79892,top_seller,67,DE,"de_DE,en_US"
M79892,random,0,DE,"de_DE,en_US"
M79932,pdp_impressions,8447,DE,"de_DE,en_US"
M79932,top_seller,29,DE,"de_DE,en_US"
M79932,random,0,DE,"de_DE,en_US"
M80392,pdp_impressions,3689,DE,"de_DE,en_US"
M80392,top_seller,127,DE,"de_DE,en_US"
M80392,random,0,DE,"de_DE,en_US"
M83,pdp_impressions,2766,DE,"de_DE,en_US"
M83,top_seller,31,DE,"de_DE,en_US"
M83,random,0,DE,"de_DE,en_US"
M84,pdp_impressions,7368,DE,"de_DE,en_US"
M84,top_seller,75,DE,"de_DE,en_US"
M84,random,0,DE,"de_DE,en_US"
M85,pdp_impressions,1878,DE,"de_DE,en_US"
M85,top_seller,38,DE,"de_DE,en_US"
M85,random,0,DE,"de_DE,en_US"
M852,pdp_impressions,10557,DE,"de_DE,en_US"
M852,top_seller,27,DE,"de_DE,en_US"
M852,random,0,DE,"de_DE,en_US"
M856,pdp_impressions,3124,DE,"de_DE,en_US"
M856,top_seller,477,DE,"de_DE,en_US"
M856,random,0,DE,"de_DE,en_US"
M857,pdp_impressions,264,DE,"de_DE,en_US"
M857,top_seller,82,DE,"de_DE,en_US"
M857,random,0,DE,"de_DE,en_US"
M858,pdp_impressions,3759,DE,"de_DE,en_US"
M858,top_seller,25,DE,"de_DE,en_US"
M858,random,0,DE,"de_DE,en_US"
M859,pdp_impressions,3619,DE,"de_DE,en_US"
M859,top_seller,20,DE,"de_DE,en_US"
M859,random,0,DE,"de_DE,en_US"
M86,pdp_impressions,12965,DE,"de_DE,en_US"
M86,top_seller,4,DE,"de_DE,en_US"
M86,random,0,DE,"de_DE,en_US"
M86938,pdp_impressions,1672,DE,"de_DE,en_US"
M86938,top_seller,283,DE,"de_DE,en_US"
M86938,random,0,DE,"de_DE,en_US"
M86939,pdp_impressions,7652,DE,"de_DE,en_US"
M86939,top_seller,24,DE,"de_DE,en_US"
M86939,random,0,DE,"de_DE,en_US"
M87,pdp_impressions,972,DE,"de_DE,en_US"
M87,top_seller,10,DE,"de_DE,en_US"
M87,random,0,DE,"de_DE,en_US"
M87416,pdp_impressions,83,DE,"de_DE,en_US"
M87416,top_seller,66,DE,"de_DE,en_US"
M87416,random,0,DE,"de_DE,en_US"
M87464,pdp_impressions,4133,DE,"de_DE,en_US"
M87464,top_seller,101,DE,"de_DE,en_US"
M87464,random,0,DE,"de_DE,en_US"
M87599,pdp_impressions,1054,DE,"de_DE,en_US"
M87599,top_seller,134,DE,"de_DE,en_US"
M87599,random,0,DE,"de_DE,en_US"
M88181,pdp_impressions,5,DE,"de_DE,en_US"
M88181,top_seller,26,DE,"de_DE,en_US"
M88181,random,0,DE,"de_DE,en_US"
M88182,pdp_impressions,1108,DE,"de_DE,en_US"
M88182,top_seller,81,DE,"de_DE,en_US"
M88182,random,0,DE,"de_DE,en_US"
M88184,pdp_impressions,800,DE,"de_DE,en_US"
M88184,top_seller,16,DE,"de_DE,en_US"
M88184,random,0,DE,"de_DE,en_US"
M90737,pdp_impressions,1417,DE,"de_DE,en_US"
M90737,top_seller,27,DE,"de_DE,en_US"
M90737,random,0,DE,"de_DE,en_US"
M90799,pdp_impressions,7755,DE,"de_DE,en_US"
M90799,top_seller,50,DE,"de_DE,en_US"
M90799,random,0,DE,"de_DE,en_US"
M90800,pdp_impressions,2018,DE,"de_DE,en_US"
M90800,top_seller,92,DE,"de_DE,en_US"
M90800,random,0,DE,"de_DE,en_US"
M90802,pdp_impressions,1577,DE,"de_DE,en_US"
M90802,top_seller,16,DE,"de_DE,en_US"
M90802,random,0,DE,"de_DE,en_US"
M90804,pdp_impressions,7520,DE,"de_DE,en_US"
M90804,top_seller,77,DE,"de_DE,en_US"
M90804,random,0,DE,"de_DE,en_US"
M90805,pdp_impressions,2651,DE,"de_DE,en_US"
M90805,top_seller,115,DE,"de_DE,en_US"
M90805,random,0,DE,"de_DE,en_US"
M90806,pdp_impressions,6905,DE,"de_DE,en_US"
M90806,top_seller,95,DE,"de_DE,en_US"
M90806,random,0,DE,"de_DE,en_US"
M90810,pdp_impressions,1031,DE,"de_DE,en_US"
M90810,top_seller,279,DE,"de_DE,en_US"
M90810,random,0,DE,"de_DE,en_US"
M90850,pdp_impressions,17661,DE,"de_DE,en_US"
M90850,top_seller,11,DE,"de_DE,en_US"
M90850,random,0,DE,"de_DE,en_US"
M90851,pdp_impressions,5815,DE,"de_DE,en_US"
M90851,top_seller,14,DE,"de_DE,en_US"
M90851,random,0,DE,"de_DE,en_US"
service-001,pdp_impressions,595,DE,"de_DE,en_US"
service-001,top_seller,51,DE,"de_DE,en_US"
service-001,random,0,DE,"de_DE,en_US"
service-002,pdp_impressions,4673,DE,"de_DE,en_US"
service-002,top_seller,18,DE,"de_DE,en_US"
service-002,random,0,DE,"de_DE,en_US"
service-003,pdp_impressions,1045,DE,"de_DE,en_US"
service-003,top_seller,71,DE,"de_DE,en_US"
service-003,random,0,DE,"de_DE,en_US"
service-004,pdp_impressions,1629,DE,"de_DE,en_US"
service-004,top_seller,4,DE,"de_DE,en_US"
service-004,random,0,DE,"de_DE,en_US"
SS-BV-1001,pdp_impressions,7037,DE,"de_DE,en_US"
SS-BV-1001,top_seller,56,DE,"de_DE,en_US"
SS-BV-1001,random,0,DE,"de_DE,en_US"
TS-PT100-202,pdp_impressions,6352,DE,"de_DE,en_US"
TS-PT100-202,top_seller,58,DE,"de_DE,en_US"
TS-PT100-202,random,0,DE,"de_DE,en_US"
IE-1103,pdp_impressions,2502,DE,"de_DE,en_US"
IE-1103,top_seller,163,DE,"de_DE,en_US"
IE-1103,random,0,DE,"de_DE,en_US"
CP-2080,pdp_impressions,3047,DE,"de_DE,en_US"
CP-2080,top_seller,83,DE,"de_DE,en_US"
CP-2080,random,0,DE,"de_DE,en_US"
GS-HE-4002,pdp_impressions,7143,DE,"de_DE,en_US"
GS-HE-4002,top_seller,241,DE,"de_DE,en_US"
GS-HE-4002,random,0,DE,"de_DE,en_US"
SB-H1500,pdp_impressions,4863,DE,"de_DE,en_US"
SB-H1500,top_seller,105,DE,"de_DE,en_US"
SB-H1500,random,0,DE,"de_DE,en_US"
CRPU-0032,pdp_impressions,2071,DE,"de_DE,en_US"
CRPU-0032,top_seller,19,DE,"de_DE,en_US"
CRPU-0032,random,0,DE,"de_DE,en_US"
FGV-2502,pdp_impressions,3921,DE,"de_DE,en_US"
FGV-2502,top_seller,4,DE,"de_DE,en_US"
FGV-2502,random,0,DE,"de_DE,en_US"
STL-7010,pdp_impressions,1009,DE,"de_DE,en_US"
STL-7010,top_seller,67,DE,"de_DE,en_US"
STL-7010,random,0,DE,"de_DE,en_US"
HP-ECO-45K,pdp_impressions,264,DE,"de_DE,en_US"
HP-ECO-45K,top_seller,64,DE,"de_DE,en_US"
HP-ECO-45K,random,0,DE,"de_DE,en_US"
DPS-1600,pdp_impressions,468,DE,"de_DE,en_US"
DPS-1600,top_seller,21,DE,"de_DE,en_US"
DPS-1600,random,0,DE,"de_DE,en_US"
HPCP-3020,pdp_impressions,1343,DE,"de_DE,en_US"
HPCP-3020,top_seller,79,DE,"de_DE,en_US"
HPCP-3020,random,0,DE,"de_DE,en_US"
BISP-7001,pdp_impressions,8741,DE,"de_DE,en_US"
BISP-7001,top_seller,293,DE,"de_DE,en_US"
BISP-7001,random,0,DE,"de_DE,en_US"
SSV-DN40-225,pdp_impressions,264,DE,"de_DE,en_US"
SSV-DN40-225,top_seller,38,DE,"de_DE,en_US"
SSV-DN40-225,random,0,DE,"de_DE,en_US"
VSB-2500,pdp_impressions,4790,DE,"de_DE,en_US"
VSB-2500,top_seller,8,DE,"de_DE,en_US"
VSB-2500,random,0,DE,"de_DE,en_US"
IBP-SS-09,pdp_impressions,476,DE,"de_DE,en_US"
IBP-SS-09,top_seller,141,DE,"de_DE,en_US"
IBP-SS-09,random,0,DE,"de_DE,en_US"
DCA-900,pdp_impressions,10605,DE,"de_DE,en_US"
DCA-900,top_seller,85,DE,"de_DE,en_US"
DCA-900,random,0,DE,"de_DE,en_US"
DTC-920,pdp_impressions,877,DE,"de_DE,en_US"
DTC-920,top_seller,1,DE,"de_DE,en_US"
DTC-920,random,0,DE,"de_DE,en_US"
ET-HS-120,pdp_impressions,3659,DE,"de_DE,en_US"
ET-HS-120,top_seller,178,DE,"de_DE,en_US"
ET-HS-120,random,0,DE,"de_DE,en_US"
HP-IND-60K,pdp_impressions,691,DE,"de_DE,en_US"
HP-IND-60K,top_seller,183,DE,"de_DE,en_US"
HP-IND-60K,random,0,DE,"de_DE,en_US"
SPK-CP-SBK,pdp_impressions,595,DE,"de_DE,en_US"
SPK-CP-SBK,top_seller,41,DE,"de_DE,en_US"
SPK-CP-SBK,random,0,DE,"de_DE,en_US"
SPK-BLR-IGN,pdp_impressions,10593,DE,"de_DE,en_US"
SPK-BLR-IGN,top_seller,159,DE,"de_DE,en_US"
SPK-BLR-IGN,random,0,DE,"de_DE,en_US"
SPK-VLV-PACK,pdp_impressions,4222,DE,"de_DE,en_US"
SPK-VLV-PACK,top_seller,15,DE,"de_DE,en_US"
SPK-VLV-PACK,random,0,DE,"de_DE,en_US"
SPK-HP-SENS,pdp_impressions,2383,DE,"de_DE,en_US"
SPK-HP-SENS,top_seller,5,DE,"de_DE,en_US"
SPK-HP-SENS,random,0,DE,"de_DE,en_US"
SRV-WS-PMP-OVH,pdp_impressions,2103,DE,"de_DE,en_US"
SRV-WS-PMP-OVH,top_seller,26,DE,"de_DE,en_US"
SRV-WS-PMP-OVH,random,0,DE,"de_DE,en_US"
SRV-WS-PMP-SEAL,pdp_impressions,3259,DE,"de_DE,en_US"
SRV-WS-PMP-SEAL,top_seller,0,DE,"de_DE,en_US"
SRV-WS-PMP-SEAL,random,0,DE,"de_DE,en_US"
SRV-WS-VLV-SVC,pdp_impressions,5241,DE,"de_DE,en_US"
SRV-WS-VLV-SVC,top_seller,46,DE,"de_DE,en_US"
SRV-WS-VLV-SVC,random,0,DE,"de_DE,en_US"
SRV-WS-SV-CERT,pdp_impressions,1063,DE,"de_DE,en_US"
SRV-WS-SV-CERT,top_seller,50,DE,"de_DE,en_US"
SRV-WS-SV-CERT,random,0,DE,"de_DE,en_US"
SRV-WS-CTRL-REP,pdp_impressions,798,DE,"de_DE,en_US"
SRV-WS-CTRL-REP,top_seller,141,DE,"de_DE,en_US"
SRV-WS-CTRL-REP,random,0,DE,"de_DE,en_US"
SRV-WS-SENS-CAL,pdp_impressions,6699,DE,"de_DE,en_US"
SRV-WS-SENS-CAL,top_seller,29,DE,"de_DE,en_US"
SRV-WS-SENS-CAL,random,0,DE,"de_DE,en_US"
IWT-SYSTEM,pdp_impressions,4240,DE,"de_DE,en_US"
IWT-SYSTEM,top_seller,153,DE,"de_DE,en_US"
IWT-SYSTEM,random,0,DE,"de_DE,en_US"
CBL-3X15-SHIELD,pdp_impressions,798,DE,"de_DE,en_US"
CBL-3X15-SHIELD,top_seller,54,DE,"de_DE,en_US"
CBL-3X15-SHIELD,random,0,DE,"de_DE,en_US"
